company,end_date,revenue,n_income,total_assets,total_liab,net_operate_cash_flow,year,revenue_prev,revenue_growth,ocf_ratio,debt_ratio,roe,multi_state
000002.SZ,20001231,3783668674.18,311177265.88,5622247214.95,2656602254.25,0.0,2000,2872795896.07,0.3170683929742723,0.0,0.4725160870169289,0.0553474889991594,中大型|高速增长|现金平淡|中利
000002.SZ,20011231,4455064776.93,381969284.35,6482911630.82,3356829340.71,0.0,2001,3783668674.18,0.1774457968087034,0.0,0.5177965599209328,0.058919403209833,中大型|温和增长|现金平淡|中利
000002.SZ,20021231,4574359629.05,398048307.64,8215822308.3,4789363433.39,0.0,2002,4455064776.93,0.0267773552334757,0.0,0.582943892122833,0.0484489917993812,中大型|缓慢|现金平淡|薄利
000002.SZ,20031231,6380060435.28,565890614.8,10561040095.7,5800579701.15,0.0,2003,4574359629.05,0.3947439538340378,0.0,0.5492432230715367,0.0535828488171734,中大型|高速增长|现金平淡|中利
000002.SZ,20041231,7667226237.03,912653719.73,15534422529.76,9229974987.69,0.0,2004,6380060435.28,0.2017482145830975,0.0,0.5941627356927957,0.0587504117376482,中大型|温和增长|现金平淡|中利
000002.SZ,20051231,10558851683.83,1433425711.84,21992392061.3,13411168833.23,843439134.65,2005,7667226237.03,0.3771410099827847,0.0798798164711089,0.6098094648298684,0.0651782538181646,中大型|高速增长|现金充沛|中利
000002.SZ,20061231,17918331517.79,2422997051.18,49919840381.13,32466336834.14,-3024121481.87,2006,10558851683.83,0.6969962316290919,-0.1687724930676462,0.6503694039537128,0.0485377563846519,中大型|高速增长|现金吃紧|薄利
000002.SZ,20071231,35526611301.94,5317500817.82,100094467908.29,66174944879.25,-10437715815.8,2007,17918331517.79,0.9826963948438968,-0.2937999272458059,0.661124897930241,0.0531248222698189,巨头|高速增长|现金吃紧|中利
000002.SZ,20081231,40991779214.96,4639869152.73,119236579721.09,80418030239.89,-34151830.4,2008,35526611301.94,0.1538330764668669,-0.0008331385232367,0.6744409343843838,0.0389131352440942,巨头|温和增长|现金吃紧|薄利
000002.SZ,20091231,48881013143.49,6430007538.69,137608554829.39,92200042375.32,9253351319.55,2009,40991779214.96,0.1924589290735351,0.1893035909952772,0.6700167913952121,0.0467268008639583,巨头|温和增长|现金充沛|薄利
000002.SZ,20100930,22380429859.16,3825645658.41,187935298155.38,138598564972.19,-1207363590.0,2010,48881013143.49,-0.542144722052664,-0.0539472922369202,0.7374802196956121,0.0203561847931677,巨头|收缩|现金吃紧|薄利
000002.SZ,20201231,419111677714.12,59298116444.53,1869177094005.55,1519332620662.33,53188022243.81,2020,22380429859.16,17.726703658132976,0.1269065623127066,0.8128350307388363,0.0317241831363646,巨头|高速增长|现金充沛|薄利
000002.SZ,20211231,452797773974.14,38069527018.02,1938638128699.08,1545865352173.99,4113160948.2,2021,419111677714.12,0.0803749884607071,0.0090838806739251,0.7973975799244908,0.0196372527984717,巨头|温和增长|现金平淡|薄利
000002.SZ,20221231,503838367358.76,37550909305.14,1757124444202.95,1352132937796.74,2750449478.44,2022,452797773974.14,0.1127227126949944,0.0054589917255776,0.7695146136391504,0.0213706601311175,巨头|温和增长|现金平淡|薄利
000002.SZ,20230930,0.28,21027345000.6,1646701739373.12,1239574345996.9,235323600.88,2023,503838367358.76,-0.4238063035754584,0.0008105984080423,0.7527619096757566,0.0127693707353493,巨头|收缩|现金平淡|薄利
000333.SZ,20031231,14021867559.59,308257237.43,9344069873.35,6085344044.94,0.0,2003,,0.0,0.0,0.651251984137647,0.0329896117653372,中大型|缓慢|现金平淡|薄利
000333.SZ,20041231,20378128618.17,549298194.36,12625078478.49,8590903147.55,1498308395.86,2004,14021867559.59,0.4533105901597786,0.0735253184398907,0.6804633462030961,0.0435084974161442,中大型|高速增长|现金充沛|薄利
000333.SZ,20051231,29544578256.06,818600287.12,16124790918.16,11217903691.33,2437805745.36,2005,20378128618.17,0.4498180284188024,0.082512795553613,0.6956929704245787,0.0507665675340992,中大型|高速增长|现金充沛|中利
000333.SZ,20061231,36825178484.56,1656378085.73,19650978408.55,13653826979.83,2415555006.84,2006,29544578256.06,0.2464276242293844,0.0655952016051406,0.6948166496325352,0.0842898532222355,中大型|温和增长|现金充沛|中利
000333.SZ,20071231,47920570189.52,2616899970.17,27421108056.97,18851455147.5,2149740838.66,2007,36825178484.56,0.3012990611739209,0.0448605020799635,0.6874797002489571,0.0954337791431745,中大型|高速增长|现金平淡|中利
000333.SZ,20081231,63992087064.07,2658407041.22,35898659436.71,24748516421.77,4419600460.0,2008,47920570189.52,0.3353782480256207,0.0690647963329437,0.6893994597598301,0.0740531006709824,中大型|高速增长|现金充沛|中利
000333.SZ,20091231,68533849239.95,3314548811.04,52065829973.51,35484688373.4,3524105320.9,2009,63992087064.07,0.0709738091731983,0.0514213831556642,0.6815350565131462,0.0636607312843447,中大型|温和增长|现金充沛|中利
000333.SZ,20100930,81224042704.6,4655621954.54,73445976818.55,52170339180.0,9527622126.24,2010,68533849239.95,0.1851667986751953,0.1173005160662905,0.7103226267776115,0.0633883863515332,中大型|温和增长|现金充沛|中利
000333.SZ,20201231,285709729000.0,27506542000.0,360382603000.0,236145503000.0,29557117000.0,2020,81224042704.6,2.517551201423015,0.103451559397195,0.6552633257937814,0.0763259429590168,巨头|高速增长|现金充沛|中利
000333.SZ,20211231,343360825000.0,29015376000.0,387946104000.0,253121028000.0,35091704000.0,2021,285709729000.0,0.2017820541210901,0.1022006631070973,0.6524644155209766,0.0747922860954933,巨头|温和增长|现金充沛|中利
000333.SZ,20221231,345708706000.0,29810231000.0,422555267000.0,270631465000.0,34657828000.0,2022,343360825000.0,0.0068379408163409,0.1002515337290927,0.6404640673902664,0.0705475314782906,巨头|缓慢|现金充沛|中利
000333.SZ,20230930,0.28,28287089000.0,465019979000.0,296757722000.0,44787056000.0,2023,345708706000.0,-0.1542600665659834,0.1531811628290501,0.6381612304876905,0.0608298358724926,巨头|缓慢|现金充沛|中利
000651.SZ,20001231,6177717129.96,259021825.4,5785824935.69,4136141106.51,0.0,2000,4326939501.4,0.4277336505308599,0.0,0.7148749145512708,0.0447683482094692,中大型|高速增长|现金平淡|薄利
000651.SZ,20011231,6587976827.62,277289360.69,6922276525.54,5166208189.07,0.0,2001,6177717129.96,0.0664095958149926,0.0,0.746316355610626,0.0400575388265595,中大型|温和增长|现金平淡|薄利
000651.SZ,20021231,7029690860.93,301104853.91,7144163634.25,5281840006.2,0.0,2002,6587976827.62,0.0670485104710934,0.0,0.7393223723037653,0.0421469704958137,中大型|温和增长|现金平淡|薄利
000651.SZ,20031231,10042382751.13,335651063.86,8289078115.04,6095331469.44,0.0,2003,7029690860.93,0.428566767700142,0.0,0.7353449183185296,0.0404931717618854,中大型|高速增长|现金平淡|薄利
000651.SZ,20041231,13832615003.23,429144299.3,12760655072.86,10244824593.41,0.0,2004,10042382751.13,0.3774236001583899,0.0,0.802844723481258,0.0336302718668985,中大型|高速增长|现金平淡|薄利
000651.SZ,20051231,18248127944.36,516682032.78,12681199580.1,9871508641.34,773733376.11,2005,13832615003.23,0.3192102823724185,0.0424006987713575,0.7784365019245408,0.0407439398391619,中大型|高速增长|现金平淡|薄利
000651.SZ,20061231,26357915978.08,702034011.36,16634577473.55,13085937495.94,1732974175.37,2006,18248127944.36,0.4444175346888948,0.0657477691639654,0.7866708677600887,0.0422032968661979,中大型|高速增长|现金充沛|薄利
000651.SZ,20071231,38041313122.26,1287239813.39,25547955384.38,19687819215.85,2792790148.06,2007,26357915978.08,0.4432595184648228,0.0734146620828866,0.7706221073130226,0.0503852380365834,中大型|高速增长|现金充沛|中利
000651.SZ,20081231,42199715679.53,1991849578.93,30564718943.81,22973670350.0,368544296.12,2008,38041313122.26,0.1093128027391013,0.0087333359996728,0.7516401636878998,0.0651682609152011,中大型|温和增长|现金平淡|中利
000651.SZ,20091231,42637291053.26,2931663385.28,51530250677.91,40877565403.67,9449596083.21,2009,42199715679.53,0.010369154547225,0.2216274967236103,0.7932731718922803,0.0568920846825367,中大型|缓慢|现金充沛|中利
000651.SZ,20101231,60807242452.83,4303205496.16,65604378124.94,51592669903.95,615995032.63,2010,42637291053.26,0.4261516374685521,0.0101302905341883,0.7864211410661426,0.0655932670829495,中大型|高速增长|现金平淡|中利
000651.SZ,20111231,83517252467.96,5297340543.07,85211594207.3,66834439664.69,3356159992.13,2011,60807242452.83,0.3734754134385692,0.0401852299130354,0.7843350460278603,0.0621668986755816,中大型|高速增长|现金平淡|中利
000651.SZ,20121231,100110108848.26,7445927982.7,107566899919.95,79986697791.3,18408746271.56,2012,83517252467.96,0.1986757932041114,0.1838849890720098,0.7435995445701712,0.0692213681740495,巨头|温和增长|现金充沛|中利
000651.SZ,20131231,120043070005.5,10935755177.19,133702103359.54,98235425674.76,12969837129.83,2013,100110108848.26,0.1991103734334463,0.1080431975726359,0.7347335846362408,0.0817919456942462,巨头|温和增长|现金充沛|中利
000651.SZ,20141231,140005393975.58,14252954811.96,156230948479.88,111099497469.7,18939165507.73,2014,120043070005.5,0.1662930144086233,0.1352745417153956,0.711123490900446,0.0912300344498999,巨头|温和增长|现金充沛|中利
000651.SZ,20151231,100564453646.56,12623732620.22,161698016315.06,113131407737.14,44378381827.68,2015,140005393975.58,-0.2817101485097021,0.4412929242737257,0.6996462313842456,0.0780698051089465,巨头|收缩|现金充沛|中利
000651.SZ,20161231,110113101850.23,15524634903.87,182369705049.35,127446102258.84,14859952106.92,2016,100564453646.56,0.0949505303059599,0.1349517165280814,0.6988337357038141,0.0851272688063457,巨头|温和增长|现金充沛|中利
000651.SZ,20171231,150019551611.75,22508599044.09,214967999328.38,148133201565.19,16358538247.83,2017,110113101850.23,0.362413274087934,0.109042708580851,0.6890942001972361,0.104706742931102,巨头|高速增长|现金充沛|中利
000651.SZ,20181231,200023997743.87,26379029817.06,251234157276.81,158519445549.35,26940791542.98,2018,150019551611.75,0.3333195279874673,0.134687796698662,0.6309629521223626,0.1049977841508054,巨头|高速增长|现金充沛|中利
000651.SZ,20191231,200508333611.34,24827243603.97,282972157415.28,170924500892.2,27893714093.59,2019,200023997743.87,0.002421388798009,0.1391149863509335,0.6040329283752013,0.087737407915841,巨头|缓慢|现金充沛|中利
000651.SZ,20201231,170497415702.41,22279242195.27,279217923628.27,162337436540.13,19238637309.16,2020,200508333611.34,-0.1496741674942167,0.1128382927676719,0.5814004861530809,0.0797915904028099,巨头|缓慢|现金充沛|中利
000651.SZ,20211231,189654033523.5,22831893632.89,319598183780.38,211672732613.87,1894363258.72,2021,170497415702.41,0.1123572327602101,0.0099885208003512,0.6623089346444042,0.0714393722856057,巨头|温和增长|现金平淡|中利
000651.SZ,20221231,190150672542.13,23011344353.11,355024758878.82,253148710864.63,28668435921.27,2022,189654033523.5,0.0026186578234228,0.1507669446444802,0.7130452300399613,0.0648161678238458,巨头|缓慢|现金充沛|中利
000651.SZ,20230930,0.08,19522774681.03,385937436431.4,269040538306.53,39596171712.18,2023,190150672542.13,-0.1805863094899225,0.2541277652646562,0.697109201932401,0.0505853354407616,巨头|缓慢|现金充沛|中利
000858.SZ,20001231,3953640138.96,768216832.5,4600917198.25,1409700999.3,0.0,2000,3308791041.8,0.1948896406613814,0.0,0.3063956464672288,0.1669703668634154,中大型|温和增长|现金平淡|中利
000858.SZ,20011231,4742095340.65,816316516.73,6687868171.49,1985625038.69,0.0,2001,3953640138.96,0.199425130759979,0.0,0.2968995482229459,0.1220593013794606,中大型|温和增长|现金平淡|中利
000858.SZ,20021231,5706517438.45,618984667.91,7261734980.75,1939635025.04,0.0,2002,4742095340.65,0.203374674805211,0.0,0.2671035269369844,0.0852392258256263,中大型|温和增长|现金平淡|中利
000858.SZ,20031231,6333090598.79,703792730.94,8262779664.53,2236886977.87,0.0,2003,5706517438.45,0.1097995698949777,0.0,0.2707184590038609,0.0851762674927908,中大型|温和增长|现金平淡|中利
000858.SZ,20041231,6297583438.98,829759695.11,8810533628.0,2223571726.23,0.0,2004,6333090598.79,-0.005606608535931,0.0,0.2523765097682003,0.0941781429076,中大型|缓慢|现金平淡|中利
000858.SZ,20051231,6418751478.32,799007076.77,9614093108.86,2228124130.32,1252717668.09,2005,6297583438.98,0.0192404023724416,0.1951653171681726,0.2317560382545745,0.0831078987610036,中大型|缓慢|现金充沛|中利
000858.SZ,20061231,7397006488.91,1176610733.74,10340154321.48,2039017147.73,1336270367.45,2006,6418751478.32,0.152405808807859,0.1806501548232261,0.1971940731575225,0.1137904423046937,中大型|温和增长|现金充沛|中利
000858.SZ,20071231,7328555841.62,1472784098.42,11571651127.1,1945414142.93,1665545943.71,2007,7397006488.91,-0.0092538309101965,0.2272679610696431,0.1681189764159045,0.1272751902250874,中大型|缓慢|现金充沛|中利
000858.SZ,20081231,7933068723.21,1829699892.55,13496420728.24,2040483851.52,1972636550.81,2008,7328555841.62,0.0824873132789516,0.2486599599268064,0.1511870363710934,0.1355692690226768,中大型|温和增长|现金充沛|中利
000858.SZ,20091231,11129220549.61,3466668431.51,20849090535.73,6268628391.14,6054009663.0,2009,7933068723.21,0.4028897187098518,0.5439742734914306,0.3006667547630999,0.1662743238401223,中大型|高速增长|现金充沛|中利
000858.SZ,20101231,15541300510.85,4562056835.6,28673500525.16,10307398983.69,7703120285.26,2010,11129220549.61,0.3964410572665496,0.4956548057147563,0.3594747343333827,0.1591035887507684,中大型|高速增长|现金充沛|中利
000858.SZ,20111231,20350594468.71,6394377214.98,36905840779.24,13459152038.79,9533022924.41,2011,15541300510.85,0.3094524782210111,0.4684395307993323,0.3646889423085829,0.1732619303602728,中大型|高速增长|现金充沛|中利
000858.SZ,20121231,27201045951.34,10335733704.78,45247636141.84,13726565588.54,8749667084.48,2012,20350594468.71,0.3366216890205784,0.3216665675331858,0.3033653635630966,0.2284259374872107,中大型|高速增长|现金充沛|高利
000858.SZ,20131231,24718588617.99,8322215360.95,44129502138.3,7110217586.21,1458910756.88,2013,27201045951.34,-0.0912633042784777,0.0590207952171757,0.1611216361319209,0.1885862055472216,中大型|缓慢|现金充沛|中利
000858.SZ,20141231,21011491536.14,6058214963.07,46408870652.85,6075790206.77,794565645.34,2014,24718588617.99,-0.1499720367995446,0.0378157659094947,0.1309187256940259,0.1305400212900453,中大型|缓慢|现金平淡|中利
000858.SZ,20151231,21659287359.66,6410484336.27,52546634940.51,8201473977.96,6691068449.78,2015,21011491536.14,0.0308305491976038,0.3089237581399831,0.1560799085849206,0.1219960962967,中大型|缓慢|现金充沛|中利
000858.SZ,20161231,24543792660.59,7056765568.86,62174406583.2,13968547373.5,11696760569.21,2016,21659287359.66,0.1331763715505402,0.4765669564994126,0.2246671603500983,0.1134995242683473,中大型|温和增长|现金充沛|中利
000858.SZ,20171231,30186780409.14,10085969230.03,70922626679.43,16248301030.25,9766175822.66,2017,24543792660.59,0.2299150675930762,0.3235249235027059,0.2290989743469635,0.1422108811003087,中大型|温和增长|现金充沛|中利
000858.SZ,20181231,40030189599.87,14038650126.48,86094265733.09,20974826391.98,12317359034.9,2018,30186780409.14,0.3260834397480031,0.3077017410614512,0.243626288154966,0.1630613840183353,中大型|高速增长|现金充沛|中利
000858.SZ,20191231,50118105877.14,18228255278.61,106396972333.66,30300924676.5,23112072040.66,2019,40030189599.87,0.2520077066360624,0.4611521452410263,0.2847912305387465,0.171323063794018,巨头|温和增长|现金充沛|中利
000858.SZ,20201231,57321059453.15,20913340409.54,113893139013.72,26134892369.01,14698327593.21,2020,50118105877.14,0.1437195889578786,0.2564210733966515,0.2294685403820654,0.1836224779705184,巨头|温和增长|现金充沛|中利
000858.SZ,20211231,66209053612.11,24507450330.26,135620812221.13,34228928576.26,26774941873.05,2021,57321059453.15,0.1550563482907078,0.4044000089460985,0.252386989988304,0.1807056743643486,巨头|温和增长|现金充沛|中利
000858.SZ,20221231,73968640704.54,27970631932.22,152714727880.22,36030538264.13,24431136261.48,2022,66209053612.11,0.1171982783184008,0.3302904586156668,0.2359336179572027,0.1831560866490784,巨头|温和增长|现金充沛|中利
000858.SZ,20230930,0.31,23833980021.3,151803365286.04,27163408424.31,22388745174.97,2023,73968640704.54,-0.1545554028922193,0.3580114877148112,0.17893811756496,0.1570056103590991,巨头|缓慢|现金充沛|中利
002475.SZ,20071231,351080838.82,34758707.29,348410584.62,139614625.69,-3159783.94,2007,,0.0,-0.0090001606200446,0.4007186688724543,0.0997636375712011,中小|缓慢|现金吃紧|中利
002475.SZ,20081231,630266471.27,66813866.91,400207450.09,143434586.61,34769946.77,2008,351080838.82,0.7952175156820197,0.0551670576731423,0.3584005909378848,0.1669480837874824,中小|高速增长|现金充沛|中利
002475.SZ,20091231,584703104.63,84590097.11,542724815.55,161361854.96,59235104.49,2009,630266471.27,-0.0722922267278296,0.1013080040467443,0.297317996776092,0.1558618561126157,中小|缓慢|现金充沛|中利
002475.SZ,20101231,1010548735.47,129436051.62,2045640496.04,336594476.83,73362471.84,2010,584703104.63,0.7283108768671154,0.072596668784984,0.1645423413750303,0.0632740952628604,中大型|高速增长|现金充沛|中利
002475.SZ,20111231,2555567715.02,369326202.23,3285118301.71,1085542185.08,308745273.63,2011,1010548735.47,1.5288911116507615,0.120812793108706,0.3304423419135145,0.1124240189577815,中大型|高速增长|现金充沛|中利
002475.SZ,20121231,3147201586.78,337983533.48,4062603536.15,1517124751.52,418172366.2,2012,2555567715.02,0.231507804814857,0.1328711729037494,0.373436575343931,0.0831938264397555,中大型|温和增长|现金充沛|中利
002475.SZ,20131231,4591656697.76,462134448.18,6164966051.18,3027798650.53,294293343.75,2013,3147201586.78,0.458964915704007,0.0640930633802758,0.4911298173248605,0.0749613938411786,中大型|高速增长|现金充沛|中利
002475.SZ,20141231,7295948570.78,738659729.05,9691628858.36,4727372093.24,320904617.51,2014,4591656697.76,0.5889577664504545,0.0439839473094987,0.4877789030439571,0.0762162624926388,中大型|高速增长|现金平淡|中利
002475.SZ,20151231,10139492446.88,1131612097.35,11587051478.54,5708078385.35,487403773.18,2015,7295948570.78,0.3897428618793019,0.0480698393665629,0.4926256171314804,0.0976617821579391,中大型|高速增长|现金平淡|中利
002475.SZ,20161231,13762595894.39,1182066031.4,20954806393.01,8824903214.18,1309992558.56,2016,10139492446.88,0.3573259180862507,0.0951849904343982,0.4211398114908743,0.0564102578296456,中大型|高速增长|现金充沛|中利
002475.SZ,20171231,22826099790.37,1747773502.01,26885884292.23,12960986533.54,168837371.44,2017,13762595894.39,0.6585606353285811,0.0073966806852929,0.482074027867691,0.0650071049556329,中大型|高速增长|现金平淡|中利
002475.SZ,20181231,35849964160.13,2813340362.7,36441441236.44,19766604272.92,3142307168.34,2018,22826099790.37,0.5705689753995808,0.0876516125456736,0.5424210350153268,0.0772016766418878,中大型|高速增长|现金充沛|中利
002475.SZ,20191231,62516314588.42,4927424927.2,49377910671.23,27628207376.51,7465988174.33,2019,35849964160.13,0.7438319968516617,0.1194246369684904,0.5595256462037295,0.0997900652380368,中大型|高速增长|现金充沛|中利
002475.SZ,20201231,92501259211.54,7491014735.42,70012753551.75,39106153689.68,6873211486.05,2020,62516314588.42,0.4796339134916657,0.0743039775310705,0.5585575728109972,0.1069950024159956,中大型|高速增长|现金充沛|中利
002475.SZ,20211231,153946097790.4,7820610306.19,120572098167.88,74789454618.31,7284766917.0,2021,92501259211.54,0.6642594825476111,0.0473202440435893,0.6202882404366556,0.0648625214707707,巨头|高速增长|现金平淡|中利
002475.SZ,20221231,214028394291.44,10490676778.96,148384319074.71,89600449377.52,12727610319.34,2022,153946097790.4,0.3902813865593592,0.0594669242904703,0.6038404188275925,0.0706993626036592,巨头|高速增长|现金充沛|中利
002475.SZ,20230930,0.25,8275257491.4,172332173876.79,105380774662.97,7222033824.24,2023,214028394291.44,-0.2717096407868339,0.0463322684327117,0.6114979709959015,0.0480192253439363,巨头|收缩|现金平淡|薄利
002594.SZ,20021231,2290898000.0,703928000.0,3201717000.0,569338000.0,317761000.0,2002,,0.0,0.1387058699252432,0.1778227120010919,0.2198595316200651,中大型|缓慢|现金充沛|高利
002594.SZ,20031231,4076006000.0,858537000.0,5544029000.0,2144131000.0,321443000.0,2003,2290898000.0,0.7792175819263887,0.078862248976081,0.3867459928510475,0.1548579561903446,中大型|高速增长|现金充沛|中利
002594.SZ,20041231,6441869000.0,902682000.0,8627087000.0,4700168000.0,416389000.0,2004,4076006000.0,0.5804365842444785,0.0646379179707007,0.5448151850097258,0.1046334643431786,中大型|高速增长|现金充沛|中利
002594.SZ,20051231,6529023000.0,368433000.0,10673861000.0,6679077000.0,1361586000.0,2005,6441869000.0,0.013529303374533,0.208543605988216,0.6257414257127762,0.0345173129011142,中大型|缓慢|现金充沛|薄利
002594.SZ,20061231,13098236000.0,1020921000.0,15149011000.0,10133488000.0,2501767000.0,2006,6529023000.0,1.0061555917324845,0.1910002995823254,0.6689207632102188,0.0673919241328691,中大型|高速增长|现金充沛|中利
002594.SZ,20081231,27727209000.0,1275649000.0,32531760000.0,19194388000.0,1788545000.0,2008,13098236000.0,1.1168658894220564,0.064505049895213,0.590019968178789,0.0392124188792736,中大型|高速增长|现金充沛|薄利
002594.SZ,20091231,41113912000.0,4078440000.0,40446081000.0,21418954000.0,11981419000.0,2009,27727209000.0,0.4828002342392269,0.2914200672512019,0.5295680933833862,0.1008364691748503,中大型|高速增长|现金充沛|中利
002594.SZ,20101231,48448416000.0,2918590000.0,52963401000.0,31812325000.0,3139385000.0,2010,41113912000.0,0.1783947000713529,0.0647985065187683,0.6006473224784036,0.0551057889956878,中大型|温和增长|现金充沛|中利
002594.SZ,20111231,48826919000.0,1595076000.0,65624392000.0,41644256000.0,5984526000.0,2011,48448416000.0,0.0078124948398725,0.1225661197258831,0.6345850183267222,0.024306145190648,中大型|缓慢|现金充沛|薄利
002594.SZ,20121231,46904292000.0,212890000.0,68710488000.0,44566117000.0,5555331000.0,2012,48826919000.0,-0.0393763735123242,0.1184397154955456,0.6486071966189499,0.003098362509083,中大型|缓慢|现金充沛|薄利
002594.SZ,20131231,52863284000.0,775866000.0,76392911000.0,51536470000.0,2436169000.0,2013,46904292000.0,0.1270457722717571,0.0460843295320056,0.6746237226121675,0.0101562565144297,中大型|温和增长|现金平淡|薄利
002594.SZ,20141231,58195878000.0,739870000.0,94008855000.0,65114418000.0,38069000.0,2014,52863284000.0,0.1008751934518483,0.0006541528594172,0.6926413261814539,0.0078702160557109,中大型|温和增长|现金平淡|薄利
002594.SZ,20151231,80008968000.0,3138196000.0,115485755000.0,79456514000.0,3842094000.0,2015,58195878000.0,0.3748219074897366,0.0480207918692314,0.6880200419523602,0.0271738795836767,巨头|高速增长|现金平淡|薄利
002594.SZ,20161231,103469997000.0,5480012000.0,145070778000.0,89661415000.0,-1845571000.0,2016,80008968000.0,0.293229991417962,-0.0178367744612962,0.6180528996680503,0.0377747474408664,巨头|温和增长|现金吃紧|薄利
002594.SZ,20171231,105914702000.0,4916936000.0,178099430000.0,118141943000.0,6367887000.0,2017,103469997000.0,0.0236271873091868,0.0601227863531164,0.6633482375547187,0.027607814354038,巨头|缓慢|现金充沛|薄利
002594.SZ,20181231,130054707000.0,3556193000.0,194571077000.0,133877098000.0,12522909000.0,2018,105914702000.0,0.2279193024590675,0.09628954836675,0.6880626867270719,0.0182770895594107,巨头|温和增长|现金充沛|薄利
002594.SZ,20191231,127738523000.0,2118857000.0,195641593000.0,133040173000.0,14741007000.0,2019,130054707000.0,-0.0178093054332897,0.1153998547485945,0.6800198820707823,0.0108302992605463,巨头|缓慢|现金充沛|薄利
002594.SZ,20201231,156597691000.0,6013963000.0,201017321000.0,136563409000.0,45392668000.0,2020,127738523000.0,0.225923764595274,0.2898680543124994,0.6793614018963072,0.0299176358041305,巨头|温和增长|现金充沛|薄利
002594.SZ,20211231,216142395000.0,3967266000.0,295780147000.0,191535938000.0,65466682000.0,2021,156597691000.0,0.3802399870634108,0.3028868168135177,0.6475618459950255,0.0134128880529632,巨头|高速增长|现金充沛|薄利
002594.SZ,20221231,424060635000.0,17713104000.0,493860646000.0,372470809000.0,140837657000.0,2022,216142395000.0,0.9619502920748148,0.3321167903264588,0.7542022471658938,0.0358666035519663,巨头|高速增长|现金充沛|薄利
002594.SZ,20230930,0.41,22326427000.0,623283496000.0,482216639000.0,97860288000.0,2023,424060635000.0,-0.0042111831483721,0.2317454870469928,0.773671438590442,0.0358206612934285,巨头|缓慢|现金充沛|薄利
300750.SZ,20141231,866786361.55,55563791.59,2875108627.98,2539700816.95,-138904402.07,2014,,0.0,-0.16025217773571,0.8833408213637994,0.0193258060058197,中大型|缓慢|现金吃紧|薄利
300750.SZ,20151231,5702884874.34,950581074.45,8672957501.46,7174629112.81,664533984.01,2015,866786361.55,5.5793431084241085,0.1165259335674222,0.827241354705385,0.1096028747160331,中大型|高速增长|现金充沛|中利
300750.SZ,20161231,14878985098.12,2918436854.29,28588314344.08,12797195300.25,2109126726.79,2016,5702884874.34,1.6090277861065816,0.1417520558614239,0.4476372809612684,0.1020849574817391,中大型|高速增长|现金充沛|中利
300750.SZ,20171231,19996860806.33,4194056577.66,49662885758.45,23191646660.83,2340748210.25,2017,14878985098.12,0.3439667204758917,0.117055783551238,0.4669814551983421,0.0844505210200434,中大型|高速增长|现金充沛|中利
300750.SZ,20181231,29611265434.22,3735896487.72,73883704016.51,38683533425.89,11316265700.53,2018,19996860806.33,0.4807956969349189,0.3821608274617152,0.5235732823742271,0.0505645532726022,中大型|高速增长|现金充沛|中利
300750.SZ,20191231,45788020642.41,5012673897.87,101351976711.32,59164101553.6,13471954556.8,2019,29611265434.22,0.5463040829553835,0.2942244361688336,0.5837488668042126,0.0494580772918475,巨头|高速增长|现金充沛|薄利
300750.SZ,20201231,50319487697.2,6103918052.46,156618426940.59,87423710523.7,18429902631.96,2020,45788020642.41,0.0989662141148079,0.3662577557001941,0.5581955599443122,0.0389731794125055,巨头|温和增长|现金充沛|薄利
300750.SZ,20211231,130355796400.0,17860730100.0,307666860900.0,215044686400.0,42908008700.0,2021,50319487697.2,1.5905628686925917,0.3291607269103378,0.6989530356663771,0.0580521738602365,巨头|高速增长|现金充沛|中利
300750.SZ,20221231,328593987500.0,33457143500.0,600952351900.0,424043189900.0,61208843300.0,2022,130355796400.0,1.5207470367616118,0.1862749947608216,0.7056186543896942,0.0556735378341066,巨头|高速增长|现金充沛|中利
300750.SZ,20230930,-0.01,32516262100.0,671832207300.0,469775300700.0,52653692300.0,2023,328593987500.0,-0.1032177647498799,0.1786825830388686,0.6992449834877096,0.0483993797062488,巨头|缓慢|现金充沛|薄利
600036.SH,20001231,5063184000.0,803812000.0,219507988000.0,215822672000.0,0.0,2000,4111062000.0,0.2316000099244428,0.0,0.9832110164482945,0.0036618804050083,巨头|温和增长|现金平淡|薄利
600036.SH,20011231,6288789000.0,1431120000.0,266317155000.0,261200719000.0,0.0,2001,5063184000.0,0.2420621095342377,0.0,0.9807881846740216,0.0053737431972791,巨头|温和增长|现金平淡|薄利
600036.SH,20021231,7999953000.0,1734270000.0,371659912000.0,355628091000.0,0.0,2002,6288789000.0,0.2720975373796132,0.0,0.9568642716570412,0.0046662821143863,巨头|温和增长|现金平淡|薄利
600036.SH,20031231,11046055000.0,2229910000.0,503892810000.0,485631372000.0,0.0,2003,7999953000.0,0.3807649869942986,0.0,0.9637592804707812,0.0044253657836475,巨头|高速增长|现金平淡|薄利
600036.SH,20041231,0.0,0.0,602765487000.0,581884537000.0,0.0,2004,11046055000.0,-1.0,0.0,0.9653580862701252,0.0,巨头|收缩|现金平淡|薄利
600036.SH,20051231,19178546000.0,3786839000.0,734612864000.0,708615396000.0,27294077000.0,2005,0.0,0.0,1.4231567398279306,0.9646106551164342,0.0051548770591635,巨头|缓慢|现金充沛|薄利
600036.SH,20061231,25083779000.0,7107526000.0,934102238000.0,878941714000.0,71219822000.0,2006,19178546000.0,0.3079082741726093,2.8392780051203608,0.940948087097935,0.0076089379843665,巨头|高速增长|现金充沛|薄利
600036.SH,20071231,40958000000.0,15243000000.0,1310552000000.0,1242568000000.0,118471000000.0,2007,25083779000.0,0.6328480648789004,2.8924996337711804,0.9481256752879704,0.0116309768708147,巨头|高速增长|现金充沛|薄利
600036.SH,20081231,55308000000.0,20946000000.0,1571797000000.0,1492016000000.0,52669000000.0,2008,40958000000.0,0.3503589042433712,0.952285383669632,0.9492421731304996,0.0133261483512183,巨头|高速增长|现金充沛|薄利
600036.SH,20091231,51446000000.0,18235000000.0,2067941000000.0,1975158000000.0,43096000000.0,2009,55308000000.0,-0.069827149779417,0.8376938926252769,0.9551326657772152,0.0088179498351258,巨头|缓慢|现金充沛|薄利
600036.SH,20100930,51298000000.0,20585000000.0,2359564000000.0,2226456000000.0,30098000000.0,2010,51446000000.0,-0.0028768028612525,0.5867285274279699,0.9435878831851986,0.0087240693619668,巨头|缓慢|现金充沛|薄利
600036.SH,20201231,290482000000.0,97959000000.0,8361448000000.0,7631094000000.0,421328000000.0,2020,51298000000.0,4.662637919607002,1.450444433734276,0.9126522104783764,0.0117155545307463,巨头|高速增长|现金充沛|薄利
600036.SH,20211231,331253000000.0,120834000000.0,9249021000000.0,8383340000000.0,182048000000.0,2021,290482000000.0,0.1403563732004048,0.5495738906515564,0.9064029587563917,0.0130645178554573,巨头|温和增长|现金充沛|薄利
600036.SH,20221231,344783000000.0,139294000000.0,10138912000000.0,9184674000000.0,570143000000.0,2022,331253000000.0,0.0408449131026737,1.6536285141668818,0.9058835898763102,0.0137385549849924,巨头|缓慢|现金充沛|薄利
600036.SH,20230930,0.03,114970000000.0,10668009000000.0,9646670000000.0,53648000000.0,2023,344783000000.0,-0.2450932905624697,0.2061172818398718,0.9042615168397402,0.0107770812716787,巨头|收缩|现金充沛|薄利
600276.SH,20001231,484707192.06,65537536.89,986273264.76,313706174.58,0.0,2000,413929931.49,0.1709885059899561,0.0,0.3180722683954505,0.0664496739713895,中小|温和增长|现金平淡|中利
600276.SH,20011231,634268947.69,81403898.71,1119024142.95,361034255.93,0.0,2001,484707192.06,0.3085610407272157,0.0,0.3226331247672925,0.0727454355858676,中大型|高速增长|现金平淡|中利
600276.SH,20021231,756025462.47,79272191.99,1204575770.68,394602023.63,0.0,2002,634268947.69,0.1919635435779029,0.0,0.327585888106683,0.0658092200752549,中大型|温和增长|现金平淡|中利
600276.SH,20031231,1050352311.61,92204811.25,1450686564.28,547337527.6,0.0,2003,756025462.47,0.3893081169229525,0.0,0.3772955103307603,0.0635594300797586,中大型|高速增长|现金平淡|中利
600276.SH,20041231,1145143619.19,121315466.83,1255381552.33,257329061.52,0.0,2004,1050352311.61,0.090247154723449,0.0,0.204980757477593,0.0966363306875406,中大型|温和增长|现金平淡|中利
600276.SH,20051231,1179259557.87,160072687.6,1285214401.34,177103622.93,227876230.45,2005,1145143619.19,0.0297918427944708,0.1932367042770416,0.1378008391015124,0.1245494039228815,中大型|缓慢|现金充沛|中利
600276.SH,20061231,1436608583.3,205222840.12,1468442969.42,201073875.52,266175427.13,2006,1179259557.87,0.218229331882481,0.1852804098654169,0.1369299861876279,0.1397554037805486,中大型|温和增长|现金充沛|中利
600276.SH,20071231,1959660121.95,418531039.39,2013688570.09,380507898.62,218873724.73,2007,1436608583.3,0.3640877165361985,0.1116896355028162,0.1889606487675467,0.2078429830742368,中大型|高速增长|现金充沛|高利
600276.SH,20081231,2392561159.48,435594233.39,2254363979.25,229914173.72,117459736.73,2008,1959660121.95,0.2209061830064863,0.0490937237966066,0.1019862701126415,0.1932226727358006,中大型|温和增长|现金平淡|中利
600276.SH,20091231,3028960881.33,693300215.06,2998870229.64,333852353.96,439116229.02,2009,2392561159.48,0.2659909943486315,0.1449725652538591,0.1113260422742858,0.2311871344773819,中大型|温和增长|现金充沛|高利
600276.SH,20101231,3744106269.5,755435738.54,3895635295.02,420801862.47,385945810.53,2010,3028960881.33,0.2361025500784888,0.1030808910724482,0.108018803250893,0.1939184962991053,中大型|温和增长|现金充沛|中利
600276.SH,20111231,4550391768.99,940405300.5,4818023175.48,439471048.33,527357720.75,2011,3744106269.5,0.2153479205593365,0.1158928170413449,0.0912139755920159,0.1951848852213774,中大型|温和增长|现金充沛|中利
600276.SH,20121231,5435067561.2,1151406936.18,5892509211.52,450010685.77,958368891.73,2012,4550391768.99,0.1944175001016147,0.1763306308410273,0.0763699588097746,0.195401805045798,中大型|温和增长|现金充沛|中利
600276.SH,20131231,6203074355.43,1292052671.62,7220266342.84,564396168.07,1364958666.11,2013,5435067561.2,0.1413058412949026,0.2200455109675015,0.0781683308164504,0.1789480623386238,中大型|温和增长|现金充沛|中利
600276.SH,20141231,7452253087.84,1572929123.49,9086860884.26,796982992.43,1574306024.01,2014,6203074355.43,0.2013805833741946,0.2112523562275184,0.0877071854165293,0.1730992851683888,中大型|温和增长|现金充沛|中利
600276.SH,20151231,9315960168.4,2223969791.87,11496700401.56,1138935026.85,2277293122.97,2015,7452253087.84,0.2500863911346556,0.2444507148811823,0.0990662526698057,0.1934441808684713,中大型|温和增长|现金充沛|中利
600276.SH,20161231,11093724121.18,2634194796.55,14330058674.85,1455666831.8,2592628395.66,2016,9315960168.4,0.1908299220525036,0.2337022597046726,0.1015813587947669,0.1838230293622697,中大型|温和增长|现金充沛|中利
600276.SH,20171231,13835629369.98,3292953303.96,18039384776.48,2096169951.25,2547385416.82,2017,11093724121.18,0.2471582327854347,0.1841177837812869,0.1161996363635979,0.1825424394879252,中大型|温和增长|现金充沛|中利
600276.SH,20181231,17417901050.02,4061184290.16,22361229608.42,2563491134.74,2774212734.45,2018,13835629369.98,0.258916423983767,0.1592736533801134,0.1146399898230431,0.1816172169991395,中大型|温和增长|现金充沛|中利
600276.SH,20191231,23288576607.05,5326451772.09,27556475495.47,2618947867.88,3816832867.29,2019,17417901050.02,0.3370483929246605,0.163892921911533,0.0950392900685186,0.1932921999754872,中大型|高速增长|现金充沛|中利
600276.SH,20201231,27734598747.82,6308893128.7,34729589915.43,3942587976.88,3431934805.24,2020,23288576607.05,0.190909999172044,0.1237420031364166,0.1135224454558949,0.1816575762645853,中大型|温和增长|现金充沛|中利
600276.SH,20211231,25905526375.8,4484026883.93,39266221700.14,3694413772.82,4218816053.27,2021,27734598747.82,-0.0659491196772323,0.1628539019848315,0.0940863065724204,0.1141955270912661,中大型|缓慢|现金充沛|中利
600276.SH,20221231,21275270681.52,3815070903.04,42355009127.7,3941852984.53,1265264631.93,2022,25905526375.8,-0.178736213544204,0.0594711414425869,0.0930669846545268,0.0900736649952687,中大型|缓慢|现金充沛|中利
600276.SH,20230930,0.34,3451029827.76,42871390741.49,2664804605.21,4308871180.92,2023,21275270681.52,-0.2003094846925599,0.2532599233778116,0.062158109618568,0.0804972679465741,中大型|收缩|现金充沛|中利
600519.SH,20001231,1114000813.26,256829514.24,1268856244.9,823531919.0,0.0,2000,890858185.64,0.2504805267739584,0.0,0.6490348471783763,0.2024102535431356,中大型|温和增长|现金平淡|高利
600519.SH,20011231,1618046660.31,342365808.77,3463388734.98,925757031.17,0.0,2001,1114000813.26,0.4524645234099655,0.0,0.2672980430466596,0.0988528389297244,中大型|高速增长|现金平淡|中利
600519.SH,20021231,1834898294.9,392585970.77,3930905066.72,1055556072.14,0.0,2002,1618046660.31,0.1340206311160728,0.0,0.2685274902913822,0.0998716489222109,中大型|温和增长|现金平淡|中利
600519.SH,20031231,2401017934.93,608753496.06,4956365810.85,1485841719.92,0.0,2003,1834898294.9,0.3085291656782822,0.0,0.2997845148288566,0.1228225517025751,中大型|高速增长|现金平淡|中利
600519.SH,20041231,3009793519.92,854172175.46,6373652983.57,2156945236.84,0.0,2004,2401017934.93,0.2535489536056917,0.0,0.3384158570289554,0.1340161093899973,中大型|温和增长|现金平淡|中利
600519.SH,20051231,3930515237.61,1169122125.71,8057596464.59,2895201383.07,1693707488.32,2005,3009793519.92,0.3059085985787067,0.4309123323358187,0.3593132760859002,0.145095641218549,中大型|高速增长|现金充沛|中利
600519.SH,20061231,4903375765.41,1616375200.07,9570793579.42,3402941549.05,2112936898.43,2006,3930515237.61,0.2475147579866806,0.4309147410923187,0.3555547949928956,0.1688862252285618,中大型|温和增长|现金充沛|中利
600519.SH,20071231,7237430747.12,2966052508.95,10481471840.45,2112616070.01,1743303211.38,2007,4903375765.41,0.4760098131118523,0.240873214859253,0.201557195608446,0.2829805349954227,中大型|高速增长|现金充沛|高利
600519.SH,20081231,8241685564.11,4000759343.11,15754187836.35,4250769540.4,5247488535.74,2008,7237430747.12,0.1387584699708006,0.6367008902391514,0.2698183863589655,0.2539489426347295,中大型|温和增长|现金充沛|高利
600519.SH,20091231,9669999065.39,4552888944.0,19769623147.72,5118057753.51,4223937144.19,2009,8241685564.11,0.1733035663845105,0.436808433550727,0.2588849425842625,0.2302972044525329,中大型|温和增长|现金充沛|高利
600519.SH,20101231,11633283740.18,5339761496.97,25587579940.69,7038190246.07,6201476519.57,2010,9669999065.39,0.2030284244614681,0.5330804833849987,0.275062755539366,0.2086856791203837,中大型|温和增长|现金充沛|高利
600519.SH,20111231,18402355207.3,9250323807.62,34900868975.41,9497489364.12,10148564689.53,2011,11633283740.18,0.5818710880179444,0.5514818388846328,0.2721275900268161,0.2650456587237834,中大型|高速增长|现金充沛|高利
600519.SH,20121231,26455335152.99,14008450702.17,44998208953.46,9544172556.21,11921310609.25,2012,18402355207.3,0.4376059398361944,0.4506202828393442,0.2121011653170726,0.3113112950041729,中大型|高速增长|现金充沛|高利
600519.SH,20131231,31070596222.23,15964899881.05,55454150677.05,11325058403.79,12655024861.92,2013,26455335152.99,0.1744548327416815,0.407299067304854,0.2042238185153007,0.2878936866966959,中大型|温和增长|现金充沛|高利
600519.SH,20141231,32217213741.08,16269371509.83,65873165224.63,10561614383.51,12632522436.6,2014,31070596222.23,0.0369036213740126,0.3921047468016247,0.160332577727129,0.2469802605408564,中大型|缓慢|现金充沛|高利
600519.SH,20151231,33446859045.58,16454996625.22,86301463422.77,20067293001.48,17436340141.72,2015,32217213741.08,0.038167338565721,0.5213147254861353,0.2325255239667858,0.190668801809431,中大型|缓慢|现金充沛|中利
600519.SH,20161231,40155084412.93,17930643109.88,112934538280.41,37035995425.69,37451249647.05,2016,33446859045.58,0.2005636869581178,0.9326651953193414,0.3279421511755043,0.1587702343578829,巨头|温和增长|现金充沛|中利
600519.SH,20171231,61062756866.16,29006423236.0,134610116875.08,38590489400.0,22153036084.13,2017,40155084412.93,0.5206731042631727,0.3627912859009295,0.286683425405629,0.2154847191977283,巨头|高速增长|现金充沛|高利
600519.SH,20181231,77199384110.22,37829617756.81,159846674736.01,42438186813.48,41385234406.72,2018,61062756866.16,0.2642629987936666,0.5360824426738041,0.265493085067722,0.2366619000319298,巨头|温和增长|现金充沛|高利
600519.SH,20191231,88854337488.76,43970000792.51,183042372042.5,41165991813.85,45210612632.56,2019,77199384110.22,0.1509721031180747,0.5088171710050633,0.2248987016202554,0.2402176080973249,巨头|温和增长|现金充沛|高利
600519.SH,20201231,97993240501.21,49523329882.4,213395810527.46,45675127426.18,51669068693.03,2020,88854337488.76,0.1028526380448909,0.5272717631211715,0.2140394758139006,0.2320726436005981,巨头|温和增长|现金充沛|高利
600519.SH,20211231,109464278563.89,55720529956.46,255168195159.9,58210688454.56,64028676147.37,2021,97993240501.21,0.1170594829195218,0.5849275853948919,0.228126739768969,0.2183678491809803,巨头|温和增长|现金充沛|高利
600519.SH,20221231,127553959355.97,65375136766.75,254364804995.25,49400116741.17,36698595830.03,2022,109464278563.89,0.1652564748007887,0.2877103620720525,0.194209716796679,0.2570132954044912,巨头|温和增长|现金充沛|高利
600519.SH,20230930,0.33,54827171371.97,262076424771.47,37057625012.06,50002007018.66,2023,127553959355.97,-0.1743423647541143,0.4747811755481418,0.141400070778492,0.2092029888601355,巨头|缓慢|现金充沛|高利
600900.SH,20001231,1407285229.72,505068257.15,0.0,0.0,0.0,2000,,0.0,0.0,0.0,0.0,中小|缓慢|现金平淡|薄利
600900.SH,20011231,1414965181.06,493591446.22,0.0,0.0,0.0,2001,1407285229.72,0.0054572812801623,0.0,0.0,0.0,中小|缓慢|现金平淡|薄利
600900.SH,20021231,1371139637.93,442623815.28,9911857317.22,1408200060.89,0.0,2002,1414965181.06,-0.0309728774365801,0.0,0.142072269184456,0.0446559914165656,中大型|缓慢|现金平淡|薄利
600900.SH,20031231,0.0,0.0,29616558475.99,9789796303.42,0.0,2003,1371139637.93,-1.0,0.0,0.3305514484863776,0.0,中大型|收缩|现金平淡|薄利
600900.SH,20041231,6173985879.98,3038967852.03,33134245966.33,11229255281.5,0.0,2004,0.0,0.0,0.0,0.3389017903986957,0.0917168253992593,中大型|缓慢|现金平淡|中利
600900.SH,20051231,7259496951.72,3338671448.97,39356806930.2,17129848796.4,5445774941.37,2005,6173985879.98,0.1758201416138511,0.7501587200308317,0.4352448822075452,0.0848308516209456,中大型|温和增长|现金充沛|中利
600900.SH,20061231,7049156165.69,3615235553.2,47635885017.7,18714046569.19,4990992652.09,2006,7259496951.72,-0.02897456771852,0.7080269658916631,0.3928560697935274,0.0758931119230112,中大型|缓慢|现金充沛|中利
600900.SH,20071231,8735391685.41,5372482885.44,64314083270.88,23060852720.57,4923948726.23,2007,7049156165.69,0.2392109750564654,0.563678070034806,0.3585661420911747,0.0835350923500225,中大型|温和增长|现金充沛|中利
600900.SH,20081231,8807092497.47,3930373218.61,57739432540.87,20172343975.57,6593194108.14,2008,8735391685.41,0.0082080820920434,0.7486232386038886,0.3493685872525904,0.068070866748265,中大型|缓慢|现金充沛|中利
600900.SH,20091231,11015033923.14,4619012404.13,161860785499.55,99991747121.83,8189220676.11,2009,8807092497.47,0.2507003788485555,0.743458507096049,0.6177638815555359,0.0285369454366254,巨头|温和增长|现金充沛|薄利
600900.SH,20101231,21880246303.77,8225662898.99,157461147748.0,91295645005.3,17326002315.37,2010,11015033923.14,0.9863984492870912,0.7918559085134568,0.579797914031524,0.0522393175499667,巨头|高速增长|现金充沛|中利
600900.SH,20111231,20700377511.27,7700829141.96,158385026444.24,90138605643.79,15450031278.0,2011,21880246303.77,-0.0539239264549186,0.7463647109618397,0.5691106518552346,0.0486209417319578,巨头|缓慢|现金充沛|薄利
600900.SH,20121231,25781971164.74,10352669565.09,155232845496.78,80345580655.19,21460796404.54,2012,20700377511.27,0.2454831391699695,0.8323954854891105,0.5175810595886848,0.0666912310468775,巨头|温和增长|现金充沛|中利
600900.SH,20131231,22697637374.02,9071232721.19,149607197273.74,71425961122.51,18091418933.83,2013,25781971164.74,-0.119631418831862,0.7970617661967614,0.4774232952965501,0.0606336652680695,巨头|缓慢|现金充沛|中利
600900.SH,20141231,26897792646.45,11830215845.14,146994120608.48,60857626595.63,21298893169.41,2014,22697637374.02,0.1850481265172361,0.7918453922731481,0.4140140186812285,0.0804808777124485,巨头|温和增长|现金充沛|中利
600900.SH,20151231,24239072675.51,11520213592.79,141997895637.06,50642530167.56,17716964895.1,2015,26897792646.45,-0.0988452846628254,0.7309258539828701,0.3566428216443428,0.0811294670326321,巨头|缓慢|现金充沛|中利
600900.SH,20161231,48939388714.62,20937775708.98,298894931938.4,170368569699.54,38989831194.3,2016,24239072675.51,1.019028919537257,0.7966963261772884,0.5699948426514361,0.0700506213778663,巨头|高速增长|现金充沛|中利
600900.SH,20171231,50146848575.09,22274613141.66,299398220115.42,163879382316.28,39693165066.49,2017,48939388714.62,0.0246725570585085,0.791538575092179,0.5473625803556996,0.0743979477669339,巨头|缓慢|现金充沛|中利
600900.SH,20181231,51213965746.52,22643551271.24,295496988645.53,152812435578.5,39736666414.81,2018,50146848575.09,0.0212798451298908,0.7758951261748387,0.517137031679905,0.0766287039845356,巨头|缓慢|现金充沛|中利
600900.SH,20191231,49874086874.95,21567447100.19,296482881040.89,146466914515.91,36464419570.28,2019,51213965746.52,-0.0261623729394758,0.7311295675790066,0.4940147437912603,0.0727443251511559,巨头|缓慢|现金充沛|中利
600900.SH,20201231,57783367039.83,26506261798.82,330827096559.03,152505490083.29,41036864400.4,2020,49874086874.95,0.1585849618602753,0.7101847210134595,0.4609824638595714,0.0801211934406661,巨头|温和增长|现金充沛|中利
600900.SH,20211231,55646253991.83,26485443861.49,328563281639.2,138275058750.5,35732461733.26,2021,57783367039.83,-0.0369849172431729,0.6421359780751145,0.4208475702477972,0.0806098713445833,巨头|缓慢|现金充沛|中利
600900.SH,20221231,52060482557.85,21649297506.43,327268285047.33,131514175816.96,30912732230.12,2022,55646253991.83,-0.0644386850282225,0.5937849730026905,0.4018543251080386,0.0661515291752118,巨头|缓慢|现金充沛|中利
600900.SH,20230930,0.36,21899460509.99,578872092340.74,370669994082.15,36384305344.99,2023,52060482557.85,0.1113061733557874,0.6288863543993838,0.6403314289747509,0.0378312597890785,巨头|温和增长|现金充沛|薄利
601166.SH,20031231,5655268489.11,1433962835.1,259060318255.79,252994739018.93,9217150885.27,2003,,0.0,1.629834357647015,0.9765862279576488,0.005535246944629,巨头|缓慢|现金充沛|薄利
601166.SH,20041231,7417954014.31,1765589766.71,340064707196.68,329980807620.84,13593075647.25,2004,5655268489.11,0.3116890963876065,1.8324561760598077,0.9703471152329612,0.0051919229762612,巨头|高速增长|现金充沛|薄利
601166.SH,20051231,9736591152.62,2464967978.75,475094101157.42,462308716101.4,82951280441.14,2005,7417954014.31,0.3125709776357617,8.51954027245139,0.9730887312116224,0.0051883784133393,巨头|高速增长|现金充沛|薄利
601166.SH,20061231,13649582496.82,3798255861.95,617704342372.57,601504675243.74,10911263353.92,2006,9736591152.62,0.401885144694307,0.7993844028901281,0.9737743997935844,0.0061489868233095,巨头|高速增长|现金充沛|薄利
601166.SH,20071231,22055410765.54,8585766746.36,851335269957.02,812438193034.73,25261548486.55,2007,13649582496.82,0.6158304307606729,1.1453674000948266,0.9543105069237248,0.0100850593759535,巨头|高速增长|现金充沛|薄利
601166.SH,20081231,29714980693.2,11385026622.38,1020898824948.6,971876778808.85,3328532726.29,2008,22055410765.54,0.347287566261406,0.1120153083946544,0.9519814844118192,0.0111519636854839,巨头|高速增长|现金充沛|薄利
601166.SH,20091231,31679045403.17,13281942672.62,1332161552210.5,1272564090647.6,71848156804.6,2009,29714980693.2,0.066096785666748,2.268002583102155,0.9552625869857844,0.0099702191904434,巨头|温和增长|现金充沛|薄利
601166.SH,20100930,31793381205.48,13595360919.44,1810267236997.91,1721359832456.16,143854461133.38,2010,31679045403.17,0.0036091934228093,4.524666948873775,0.9508871382497144,0.0075101402939745,巨头|缓慢|现金充沛|薄利
601166.SH,20201231,203137000000.0,67681000000.0,7894000000000.0,7269197000000.0,-34228000000.0,2020,31793381205.48,5.389285829246331,-0.1684971226315245,0.9208508994172788,0.0085737268811755,巨头|高速增长|现金吃紧|薄利
601166.SH,20211231,221236000000.0,83816000000.0,8603024000000.0,7908726000000.0,-389771000000.0,2021,203137000000.0,0.0890975056242831,-1.7617883165488435,0.9192960521788618,0.0097426207342906,巨头|温和增长|现金吃紧|薄利
601166.SH,20221231,222374000000.0,92414000000.0,9266671000000.0,8509373000000.0,-344587000000.0,2022,221236000000.0,0.0051438283100399,-1.549583134718987,0.918277232460287,0.0099727291494432,巨头|缓慢|现金吃紧|薄利
601166.SH,20230930,0.19,65216000000.0,9923294000000.0,9128634000000.0,239251000000.0,2023,222374000000.0,-0.274663404894457,1.483303987699633,0.919919736329489,0.0065720112696449,巨头|收缩|现金充沛|薄利
601318.SH,20031231,70159000000.0,2131000000.0,182657000000.0,167414000000.0,35178000000.0,2003,,0.0,0.5014039538761955,0.9165485034791988,0.0116666757912371,巨头|缓慢|现金充沛|薄利
601318.SH,20041231,67699000000.0,2637000000.0,238967000000.0,208338000000.0,34370000000.0,2004,70159000000.0,-0.0350632135577759,0.5076884444378794,0.871827490825093,0.0110349964639469,巨头|缓慢|现金充沛|薄利
601318.SH,20051231,75665000000.0,3368000000.0,288104000000.0,254915000000.0,31810000000.0,2005,67699000000.0,0.1176679123768445,0.4204057358091588,0.8848020159386888,0.0116902229750367,巨头|温和增长|现金充沛|薄利
601318.SH,20061231,107919000000.0,7496000000.0,463288000000.0,416662000000.0,45745000000.0,2006,75665000000.0,0.4262737064693055,0.4238827268599597,0.8993584983854536,0.0161800003453575,巨头|高速增长|现金充沛|薄利
601318.SH,20071231,165204000000.0,15581000000.0,651104000000.0,541886000000.0,26433000000.0,2007,107919000000.0,0.5308147777499792,0.1600021791239921,0.8322572123654592,0.0239301248341278,巨头|高速增长|现金充沛|薄利
601318.SH,20081231,139803000000.0,873000000.0,707640000000.0,626171000000.0,62357000000.0,2008,165204000000.0,-0.1537553570131473,0.446034777508351,0.8848722514272794,0.0012336781414278,巨头|缓慢|现金充沛|薄利
601318.SH,20091231,147835000000.0,14482000000.0,935712000000.0,843969000000.0,93301000000.0,2009,139803000000.0,0.0574522721257769,0.6311157709608686,0.9019538062993742,0.0154769843712595,巨头|温和增长|现金充沛|薄利
601318.SH,20101231,189439000000.0,17938000000.0,1171627000000.0,1054744000000.0,139255000000.0,2010,147835000000.0,0.281421855446951,0.7350915070286478,0.9002387278545134,0.015310333408158,巨头|温和增长|现金充沛|薄利
601318.SH,20111231,248915000000.0,22582000000.0,2285424000000.0,2114082000000.0,75348000000.0,2011,189439000000.0,0.3139585829739388,0.3027057429242914,0.9250283536009072,0.0098808798717437,巨头|高速增长|现金充沛|薄利
601318.SH,20121231,299372000000.0,26750000000.0,2844266000000.0,2634617000000.0,280897000000.0,2012,248915000000.0,0.2027077516421268,0.9382874817952248,0.926290649327454,0.0094048868847006,巨头|温和增长|现金充沛|薄利
601318.SH,20131231,362631000000.0,36014000000.0,3360312000000.0,3120607000000.0,217138000000.0,2013,299372000000.0,0.2113056665285998,0.5987849908033235,0.9286658500758262,0.0107174571884991,巨头|温和增长|现金充沛|薄利
601318.SH,20141231,462882000000.0,47930000000.0,4005911000000.0,3652095000000.0,170260000000.0,2014,362631000000.0,0.2764545777939558,0.3678259253978336,0.9116765200225369,0.0119648189887393,巨头|温和增长|现金充沛|薄利
601318.SH,20151231,619990000000.0,65178000000.0,4765159000000.0,4351588000000.0,135618000000.0,2015,462882000000.0,0.3394126364818679,0.2187422377780286,0.9132094018268856,0.0136780325693224,巨头|高速增长|现金充沛|薄利
601318.SH,20161231,712453000000.0,72368000000.0,5576903000000.0,5090442000000.0,227821000000.0,2016,619990000000.0,0.1491362763915547,0.3197698655209536,0.9127721963247344,0.0129763777494426,巨头|温和增长|现金充沛|薄利
601318.SH,20171231,890882000000.0,99978000000.0,6493075000000.0,5905158000000.0,121283000000.0,2017,712453000000.0,0.2504431871295369,0.1361381193019951,0.909454765269152,0.0153976351728572,巨头|温和增长|现金充沛|薄利
601318.SH,20181231,976832000000.0,120452000000.0,7142960000000.0,6459317000000.0,206260000000.0,2018,890882000000.0,0.0964774234971634,0.2111519688134704,0.9042913582044418,0.0168630371722647,巨头|温和增长|现金充沛|薄利
601318.SH,20191231,1168867000000.0,164365000000.0,8222929000000.0,7370559000000.0,249445000000.0,2019,976832000000.0,0.1965895875646989,0.2134075134296716,0.8963422887392072,0.0199886196268993,巨头|温和增长|现金充沛|薄利
601318.SH,20201231,1218315000000.0,159359000000.0,9527870000000.0,8539965000000.0,312075000000.0,2020,1168867000000.0,0.0423042142519208,0.2561529653660999,0.8963141814487393,0.0167255640557648,巨头|缓慢|现金充沛|薄利
601318.SH,20211231,1180444000000.0,121802000000.0,10142026000000.0,9064303000000.0,90116000000.0,2021,1218315000000.0,-0.0310847358852185,0.0763407666945657,0.8937369121317575,0.012009632000549,巨头|缓慢|现金充沛|薄利
601318.SH,20221231,1110568000000.0,107432000000.0,11137168000000.0,9961870000000.0,485905000000.0,2022,1180444000000.0,-0.0591946759016099,0.4375283638642568,0.8944706589682404,0.0096462583665793,巨头|缓慢|现金充沛|薄利
601318.SH,20230930,0.17,108111000000.0,11465779000000.0,10233691000000.0,312648000000.0,2023,1110568000000.0,-0.3652455320160494,0.4435113442600626,0.8925421465039576,0.0094290148100709,巨头|收缩|现金充沛|薄利
601398.SH,20031231,124087000000.0,22494000000.0,4560174000000.0,5095658000000.0,160884000000.0,2003,,0.0,1.2965419423469018,1.117426221017005,0.0049327065151461,巨头|缓慢|现金充沛|薄利
601398.SH,20041231,139342000000.0,31118000000.0,5072874000000.0,5577369000000.0,120764000000.0,2004,124087000000.0,0.1229379387042961,0.8666733648146288,1.099449542803547,0.0061341953299056,巨头|温和增长|现金充沛|薄利
601398.SH,20051231,162378000000.0,37869000000.0,6457239000000.0,6196255000000.0,367494000000.0,2005,139342000000.0,0.1653198604871467,2.26320067989506,0.9595827256819828,0.0058645808216174,巨头|温和增长|现金充沛|薄利
601398.SH,20061231,178889000000.0,49336000000.0,7509118000000.0,7037685000000.0,396221000000.0,2006,162378000000.0,0.1016824939339073,2.214898624286569,0.9372185921169436,0.0065701457880938,巨头|温和增长|现金充沛|薄利
601398.SH,20071231,254157000000.0,81990000000.0,8684288000000.0,8140036000000.0,296129000000.0,2007,178889000000.0,0.4207525336940784,1.165142018516114,0.9373291166760016,0.0094411885004274,巨头|高速增长|现金充沛|薄利
601398.SH,20081231,309758000000.0,111151000000.0,9757654000000.0,9150516000000.0,370913000000.0,2008,254157000000.0,0.2187663530809696,1.1974283150071992,0.9377782815418544,0.0113911602112556,巨头|温和增长|现金充沛|薄利
601398.SH,20091231,309454000000.0,129350000000.0,11785053000000.0,11106119000000.0,403862000000.0,2009,309758000000.0,-0.0009814112952692,1.3050792686473596,0.9423902463569744,0.0109757673554798,巨头|缓慢|现金充沛|薄利
601398.SH,20101231,380821000000.0,166025000000.0,13458622000000.0,12636965000000.0,278176000000.0,2010,309454000000.0,0.2306223218959845,0.7304639187439769,0.938949396156605,0.0123359583172779,巨头|温和增长|现金充沛|薄利
601398.SH,20111231,475214000000.0,208445000000.0,15476868000000.0,14519045000000.0,348123000000.0,2011,380821000000.0,0.2478671081689297,0.7325604885377957,0.9381126077963576,0.013468164230644,巨头|温和增长|现金充沛|薄利
601398.SH,20121231,536945000000.0,238691000000.0,17542217000000.0,16413758000000.0,533508000000.0,2012,475214000000.0,0.1299014759666171,0.9935989719617464,0.935671813887606,0.0136066610052765,巨头|温和增长|现金充沛|薄利
601398.SH,20131231,589637000000.0,262965000000.0,18917752000000.0,17639289000000.0,-1947000000.0,2013,536945000000.0,0.0981329558893369,-0.0033020315889267,0.9324199302327252,0.0139004359503179,巨头|温和增长|现金吃紧|薄利
601398.SH,20141231,658892000000.0,276286000000.0,20609953000000.0,19072649000000.0,201457000000.0,2014,589637000000.0,0.1174536197694513,0.3057511701462455,0.9254096309681056,0.0134054648256597,巨头|温和增长|现金充沛|薄利
601398.SH,20151231,697647000000.0,277720000000.0,22209780000000.0,20409261000000.0,1131764000000.0,2015,658892000000.0,0.0588184406549176,1.622258821438349,0.9189312546094558,0.0125044012142398,巨头|温和增长|现金充沛|薄利
601398.SH,20161231,675891000000.0,279106000000.0,24137265000000.0,22156102000000.0,239221000000.0,2016,697647000000.0,-0.0311848255636446,0.3539342882210297,0.9179209823482488,0.011563281921129,巨头|缓慢|现金充沛|薄利
601398.SH,20171231,726502000000.0,287451000000.0,26087043000000.0,23945987000000.0,770864000000.0,2017,675891000000.0,0.0748804171086758,1.0610624609429844,0.917926458740456,0.0110189184722852,巨头|温和增长|现金充沛|薄利
601398.SH,20181231,773789000000.0,298723000000.0,27699540000000.0,25354657000000.0,724133000000.0,2018,726502000000.0,0.0650886026466548,0.9358274671777448,0.9153457783053436,0.0107844029178823,巨头|温和增长|现金充沛|薄利
601398.SH,20191231,855164000000.0,313361000000.0,30109436000000.0,27417433000000.0,694521000000.0,2019,773789000000.0,0.1051643277430927,0.8121494824384562,0.9105927125303842,0.0104074018523628,巨头|温和增长|现金充沛|薄利
601398.SH,20201231,882665000000.0,317685000000.0,33345058000000.0,30435543000000.0,1557616000000.0,2020,855164000000.0,0.0321587438198988,1.764674026952468,0.9127452409889344,0.0095271989030578,巨头|缓慢|现金充沛|薄利
601398.SH,20211231,942762000000.0,350216000000.0,35171383000000.0,31896125000000.0,360882000000.0,2021,882665000000.0,0.0680858536364305,0.3827922635829615,0.9068771904704458,0.0099574133891749,巨头|温和增长|现金充沛|薄利
601398.SH,20221231,917989000000.0,361038000000.0,39609657000000.0,36095831000000.0,1404657000000.0,2022,942762000000.0,-0.0262770455321703,1.5301457860606174,0.911288653673522,0.0091148984198474,巨头|缓慢|现金充沛|薄利
601398.SH,20230930,0.39,269929000000.0,44482823000000.0,40806945000000.0,1909119000000.0,2023,917989000000.0,-0.2905492331607459,2.931387692931328,0.9173641025435818,0.0060681625354577,巨头|收缩|现金充沛|薄利
601988.SH,20031231,92839000000.0,31897000000.0,3979965000000.0,3750489000000.0,-60699000000.0,2003,,0.0,-0.6538092827367809,0.9423422065269418,0.0080143920863625,巨头|缓慢|现金吃紧|薄利
601988.SH,20041231,104737000000.0,25246000000.0,4270443000000.0,4037705000000.0,-100738000000.0,2004,92839000000.0,0.1281573476663902,-0.9618186505246474,0.9455002677708144,0.0059117988461618,巨头|温和增长|现金吃紧|薄利
601988.SH,20051231,116028000000.0,32597000000.0,4742806000000.0,4480186000000.0,13883000000.0,2005,104737000000.0,0.1078033550703189,0.1196521529286034,0.944627716166337,0.0068729355575581,巨头|温和增长|现金充沛|薄利
601988.SH,20061231,145413000000.0,47152000000.0,5325273000000.0,4907459000000.0,27908000000.0,2006,116028000000.0,0.2532578343158548,0.191922317812025,0.9215412993850268,0.0088543817378001,巨头|温和增长|现金充沛|薄利
601988.SH,20071231,180669000000.0,62017000000.0,5995553000000.0,5540560000000.0,51383000000.0,2007,145413000000.0,0.2424542509954405,0.2844040759621186,0.9241115873715068,0.0103438331710185,巨头|温和增长|现金充沛|薄利
601988.SH,20081231,228288000000.0,65073000000.0,6955694000000.0,6461793000000.0,424767000000.0,2008,180669000000.0,0.2635703966922936,1.8606628469301931,0.9289932823381822,0.0093553569205315,巨头|温和增长|现金充沛|薄利
601988.SH,20091231,232198000000.0,85349000000.0,8751943000000.0,8206549000000.0,-120093000000.0,2009,228288000000.0,0.0171274880852256,-0.5172008372165134,0.9376830950567204,0.0097520059259983,巨头|缓慢|现金吃紧|薄利
601988.SH,20101231,276817000000.0,109691000000.0,10459865000000.0,9783715000000.0,308997000000.0,2010,232198000000.0,0.1921592778576904,1.116250085796754,0.935357674310328,0.0104868466275616,巨头|温和增长|现金充沛|薄利
601988.SH,20111231,328166000000.0,130319000000.0,11830066000000.0,11074172000000.0,214357000000.0,2011,276817000000.0,0.1854980004840743,0.6531968576878775,0.9361039913048668,0.0110159148731714,巨头|温和增长|现金充沛|薄利
601988.SH,20121231,366091000000.0,145746000000.0,12680615000000.0,11819073000000.0,263924000000.0,2012,328166000000.0,0.1155665120701108,0.7209245788615399,0.9320583425961596,0.011493606579807,巨头|温和增长|现金充沛|薄利
601988.SH,20131231,407508000000.0,163741000000.0,13874299000000.0,12912822000000.0,222840000000.0,2013,366091000000.0,0.1131330734708037,0.5468358903383492,0.9307008591929582,0.0118017494073033,巨头|温和增长|现金充沛|薄利
601988.SH,20141231,456331000000.0,177198000000.0,15251382000000.0,14067954000000.0,126918000000.0,2014,407508000000.0,0.1198086908723264,0.2781270612778882,0.9224051958045508,0.0116184880819325,巨头|温和增长|现金充沛|薄利
601988.SH,20151231,474321000000.0,179417000000.0,16815597000000.0,15457992000000.0,672094000000.0,2015,456331000000.0,0.0394231380291937,1.4169602442227942,0.9192651322459738,0.0106696776807864,巨头|缓慢|现金充沛|薄利
601988.SH,20161231,483630000000.0,184051000000.0,18148889000000.0,16661797000000.0,182081000000.0,2016,474321000000.0,0.0196259495152017,0.3764882244691189,0.9180615408469356,0.0101411717268203,巨头|缓慢|现金充沛|薄利
601988.SH,20171231,483278000000.0,184986000000.0,19467424000000.0,17890745000000.0,406136000000.0,2017,483630000000.0,-0.0007278291255712,0.8403775880549084,0.9190093666219012,0.0095023357995387,巨头|缓慢|现金充沛|薄利
601988.SH,20181231,504107000000.0,192435000000.0,21267275000000.0,19541878000000.0,662358000000.0,2018,483278000000.0,0.0430994168987622,1.3139234329219789,0.9188708003258528,0.0090484088817208,巨头|缓慢|现金充沛|薄利
601988.SH,20191231,549182000000.0,201891000000.0,22769744000000.0,20793048000000.0,-484266000000.0,2019,504107000000.0,0.0894155407482935,-0.8817951061760946,0.9131876054469475,0.0088666346007227,巨头|温和增长|现金吃紧|薄利
601988.SH,20201231,565531000000.0,205096000000.0,24402659000000.0,22239822000000.0,73028000000.0,2020,549182000000.0,0.0297697302533586,0.1291317363681212,0.9113687979658284,0.0084046578694559,巨头|缓慢|现金充沛|薄利
601988.SH,20211231,605559000000.0,227339000000.0,26722408000000.0,24371855000000.0,843258000000.0,2021,565531000000.0,0.0707794974988108,1.3925282259862377,0.9120381291985364,0.0085074294202827,巨头|温和增长|现金充沛|薄利
601988.SH,20221231,618009000000.0,237504000000.0,28913857000000.0,26346286000000.0,-11337000000.0,2022,605559000000.0,0.0205595160834865,-0.0183443930428197,0.9111992910527296,0.0082141929387006,巨头|缓慢|现金吃紧|薄利
601988.SH,20230930,0.2,186503000000.0,31764820000000.0,29074713000000.0,486159000000.0,2023,618009000000.0,-0.2384803457554825,1.033004976350648,0.915311750546674,0.0058713696473016,巨头|收缩|现金充沛|薄利
